#,Item,Status,Type,What Do,Current Room,Owner,Estimate Qty.,Estimate Category,Original Price,Price Each,Bundle Price,Description,Notes,Listing Link
,One Good Turn,Disposed,Book,Give Away,Living Room,Robin,,"Carton, S books (2)",,,,,,
,Hamburg's Green Spaces,Disposed,Book,Give Away,Living Room,,0,,,,,,,
,Hamburg Wallpaper city guide,Disposed,Book,Give Away,Living Room,,0,,,,,,,
,Neighborhood maps of Hamburg,Disposed,Book,Give Away,Living Room,,0,,,,,,,
,Luups City Guide - Hamburg,Disposed,Book,Give Away,Living Room,,0,,,,,,,
,The Climate Friendly Hamburg Guide,Disposed,Book,Give Away,Living Room,,0,,,,,,,
,Gastro Guide (Hamburg),Disposed,Book,Give Away,Living Room,,0,,,,,,,
,New in the City - Hamburg,Disposed,Book,Give Away,Living Room,,0,,,,,,,
,Can of compressed air,,Tool/Utility,Give Away,Living Room,,0,,,,,,,
3,umbrellas,,Accessories,Keep,Hallway,,0.5,"Carton, Flat Wardrobe",,,,,,
,flap backpack,Three-Month Kit,Accessories,Keep,Office,,0,,,,,,,
,Adobe backpack,Three-Month Kit,Accessories,Keep,Bedroom,Phil,0,,,,,,,
,assorted canvas tote bags,,Accessories,Keep,Hallway,,0.3,"Carton, L (8)",,,,,,
2,collapsable grocery sacks,Three-Month Kit,Accessories,Keep,Hallway,,0,,,,,,,
2,Osprey carry-on bags,Three-Month Kit,Accessories,Keep,Hallway,,0,,,,,,,
,Breadbakers Apprentice,,Book,Keep,Living Room,Phil,0.04,"Carton, S books (2)",,,,,,
,Fromages de France,,Book,Keep,Living Room,,0.04,"Carton, S books (2)",,,,,,
,Batisseurs au Moyen Age,,Book,Keep,Living Room,,0.04,"Carton, S books (2)",,,,,,
,Le Vin C'est pas Sourcier,,Book,Keep,Living Room,,0.04,"Carton, S books (2)",,,,,,
,The Spice Lover's Guide to Herbs and Spices,,Book,Keep,Living Room,,0.04,"Carton, S books (2)",,,,,,
,Swiss Cheese Map,,Book,Keep,Living Room,,0.04,"Carton, S books (2)",,,,,,
,The Maze of Games,,Book,Keep,Living Room,Phil,0.04,"Carton, S books (2)",,,,,,
,Themepark Design,,Book,Keep,Living Room,Phil,0.04,"Carton, S books (2)",,,,,,
,Puzzlecraft,,Book,Keep,Living Room,Phil,0.04,"Carton, S books (2)",,,,,,
,The Noma Guide to Fermentation,,Book,Keep,Living Room,,0.04,"Carton, S books (2)",,,,,,
,Ferment your Vegetables,,Book,Keep,Living Room,,0.04,"Carton, S books (2)",,,,,,
,Drinking French,,Book,Keep,Living Room,,0.04,"Carton, S books (2)",,,,,,
,The Drunken Botanist,,Book,Keep,Living Room,,0.04,"Carton, S books (2)",,,,,,
,L'Appart,,Book,Keep,Living Room,,0.04,"Carton, S books (2)",,,,,,
,Value Proposition Design,,Book,Keep,Living Room,,0.04,"Carton, S books (2)",,,,,,
,Cracking the PM Interview,,Book,Keep,Living Room,,0.04,"Carton, S books (2)",,,,,,
,The Hard thing about Hard Things,,Book,Keep,Living Room,,0.04,"Carton, S books (2)",,,,,,
,The Lean Startup,,Book,Keep,Living Room,,0.04,"Carton, S books (2)",,,,,,
,Computaitonal Geometry,,Book,Keep,Living Room,Phil,0.04,"Carton, S books (2)",,,,,,
,Journal 29,Three-Month Kit,Book,Keep,Living Room,,0.04,"Carton, S books (2)",,,,,,
,English Grammar for Students of German,,Book,Keep,Living Room,,0.04,"Carton, S books (2)",,,,,,
,501 German Verbs,,Book,Keep,Living Room,,0.04,"Carton, S books (2)",,,,,,
,501 French Verbs,,Book,Keep,Living Room,,0.04,"Carton, S books (2)",,,,,,
,Nayna and the Jeep,,Book,Keep,Living Room,Robin,0.04,"Carton, S books (2)",,,,,,
,Before Watchmen,,Book,Keep,Living Room,,0.04,"Carton, S books (2)",,,,,,
,L'Arab du Futur,,Book,Keep,Living Room,,0.04,"Carton, S books (2)",,,,,,
,Tallweed,,Book,Keep,Living Room,Robin,0.04,"Carton, S books (2)",,,,,,
,Histoire de Babar,,Book,Keep,Living Room,,0.04,"Carton, S books (2)",,,,,,
,The Long War,,Book,Keep,Living Room,Robin,0.04,"Carton, S books (2)",,,,,,
,The Wiseman's Fear,,Book,Keep,Living Room,,0.04,"Carton, S books (2)",,,,,,
2,French Agatha Christie novel,,Book,Keep,Living Room,Phil,0.04,"Carton, S books (2)",,,,,,
,Le Magician d'Oz,,Book,Keep,Living Room,Robin,0.04,"Carton, S books (2)",,,,,,
,"Elementaire, mon cher Voltaire",,Book,Keep,Living Room,,0.04,"Carton, S books (2)",,,,,,
,Backpackers field manual,,Book,Keep,Living Room,Phil,0.04,"Carton, S books (2)",,,,,,
,Boyscout Guidebook,,Book,Keep,Living Room,Phil,0.04,"Carton, S books (2)",,,,,,
,The Slow Regard of Silent Things,,Book,Keep,Living Room,,0.04,"Carton, S books (2)",,,,,,
,The Wandering Earth,,Book,Keep,Living Room,,0.04,"Carton, S books (2)",,,,,,
,Java Precisely,,Book,Keep,Living Room,Robin,0.04,"Carton, S books (2)",,,,,,
,The Table,,Book,Keep,Living Room,,0.04,"Carton, S books (2)",,,,,,
8,jackets and coats,,Clothing,Keep,Hallway,,2,"Carton, Flat Wardrobe",,,,,,
7,dresses,,Clothing,Keep,Bedroom,,1,"Carton, Flat Wardrobe",,,,,,
,suit,,Clothing,Keep,Bedroom,,0.5,"Carton, Flat Wardrobe",,,,,,
4,bathrobes,,Clothing,Keep,Bedroom,,1,"Carton, Flat Wardrobe",,,,,,
3,hiking hats,,Clothing,Keep,Bathroom,,0.5,"Carton, L (8)",,,,,,
6,drawers clothing,,Clothing,Keep,Bedroom,,5,"Carton, L (8)",,,,,,
2,underbed boxes of clothing,,Clothing,Keep,Bedroom,,2,"Carton, L (8)",,,,,,
3,hoodies,,Clothing,Keep,Bedroom,,0.5,"Carton, L (8)",,,,,,
,bin of winter accessories,,Clothing,Keep,Hallway,,1,"Carton, L (8)",,,,,,
,purse,Three-Month Kit,Clothing,Keep,Hallway,,0,,,,,,,
,jewelry,Three-Month Kit,Clothing,Keep,Bedroom,,0,,,,,,,
9,pairs men's shoes,,Clothing,Keep,Bedroom,,1.5,"Carton, M shoes (5)",,,,,,
9,pairs women's shoes,,Clothing,Keep,Bedroom,,1.5,"Carton, M shoes (5)",,,,,,
2,PC towers,,Computer,Keep,Office,,2,Computer/PC (12),,,,,,
,Seagate hard drive,,Computer,Keep,Office,,0.04,"Carton, S (2)",,,,,,
,XBox controller,,Computer,Keep,Office,,0.04,"Carton, M (5)",,,,,,
,streaming mic,,Computer,Keep,Office,,0.5,"Carton, S (2)",,,,,,
,NAS,,Computer,Keep,Office,,1,"Carton, S (2)",,,,,,
,purple travel mouse,Three-Month Kit,Computer,Keep,Office,,0,,,,,,,
,Logitech headphones,Three-Month Kit,Computer,Keep,Office,,0,,,,,,,
3,PC Monitor,,Computer,Keep,Office,,1,"Television, flat screen S (10)",,,,,monitors listed as included in 2 PCs + 1 small TV,
2,Macbook Air laptop,Three-Month Kit,Computer,Keep,Living Room,,0,,,,,,,
,iPad,Three-Month Kit,Computer,Keep,Bedroom,,0,,,,,,,
,Asus tablet,,Computer,Keep,Living Room,,0,,,,,,,
,Laptop sleeve,,Computer,Keep,Living Room,,0.1,"Carton, M (5)",,,,,,
,large cutting board,,Cookery,Keep,Kitchen,,0.1,"Carton, L (8)",,,,,,
,9 inch springform pan,,Cookery,Keep,Hallway,,0.3,"Carton, M (5)",,,,,,
,6 inch springform pan,,Cookery,Keep,Hallway,,0.3,"Carton, M (5)",,,,,,
,roasting pan with rack,,Cookery,Keep,Hallway,,0.3,"Carton, M (5)",,,,,,
2,loaf pans,,Cookery,Keep,Hallway,,0.3,"Carton, M (5)",,,,,,
,steamer basket,,Cookery,Keep,Hallway,,0.3,"Carton, M (5)",,,,,,
,pasta maker,,Cookery,Keep,Hallway,,0.3,"Carton, M (5)",,,,,,
,large tupperware with lid,,Cookery,Keep,Hallway,,0.3,"Carton, L (8)",,,,,,
,2 liter sauce pot with glass lid,,Cookery,Keep,Hallway,,0.5,"Carton, M (5)",,,,,,
,4 liter pot,,Cookery,Keep,Hallway,,0.6,"Carton, M (5)",,,,,,
,cast iron Dutch oven,,Cookery,Keep,Hallway,,1,"Carton, M (5)",,,,,,
,raclette machine,,Cookery,Keep,Hallway,,1,"Carton, M (5)",,,,,,
,plastic pasta box,,Cookery,Keep,Kitchen,,0.3,"Carton, M (5)",,,,,,
,assorted cake decorating tools,,Cookery,Keep,Kitchen,,0.6,"Carton, M (5)",,,,,,
,fermentation lids and bands,,Cookery,Keep,Kitchen,,0.3,"Carton, M (5)",,,,,,
,pH meter,,Cookery,Keep,Kitchen,,0.1,"Carton, M (5)",,,,,,
2,stainless steel mixing bowls,,Cookery,Keep,Kitchen,,1,"Carton, M (5)",,,,,,
2,non-stick frying pans,,Cookery,Keep,Kitchen,,0.6,"Carton, M (5)",,,,,,
,universal pan lid,,Cookery,Keep,Kitchen,,0.2,"Carton, M (5)",,,,,,
4,1 liter tupperware with lids,,Cookery,Keep,Kitchen,,0.5,"Carton, M (5)",,,,,,
3,small tupperware,,Cookery,Keep,Kitchen,,0.2,"Carton, M (5)",,,,,,
,strainer,,Cookery,Keep,Kitchen,,0.5,"Carton, M (5)",,,,,,
,box grater,,Cookery,Keep,Kitchen,,0.3,"Carton, M (5)",,,,,,
,Butter keeper,,Cookery,Keep,Living Room,,0.2,"Carton, M chinaware (5)",,,,,,
,glass measuring beaker,,Cookery,Keep,Kitchen,,0.2,"Carton, M chinaware (5)",,,,,,
,Pasta Maker,,Cookery,Keep,Hallway,,1,"Carton, S (2)",,,,,,
,fermentation weights,,Cookery,Keep,Kitchen,,0.3,"Carton, S (2)",,,,,,
,kitchen scale,,Cookery,Keep,Kitchen,,0.3,"Carton, S (2)",,,,,,
,Kan Knife,,Cookery,Keep,Kitchen,,0.3,"Carton, S utensils (2)",,,,,,
,chef bag with knives,,Cookery,Keep,Kitchen,,0.3,"Carton, S utensils (2)",,,,,,
,Fermentation Crock,,Cookery,Keep,Living Room,,1,Ceramic Pot (6),,,,,,
,Fermentation masher,,Cookery,Keep,Living Room,Robin,0.2,"Carton, L (8)",,,,,,
,PH testing strips,,Cookery,Keep,Living Room,,0.01,"Carton, M (5)",,,,,,
,Box of battery-powered candles,,Decor,Keep,Living Room,Robin,0.1,"Carton, M (5)",,,,,,
6,tumblers,,Dishes,Keep,Hallway,,0.6,"Carton, M chinaware (5)",,,,,,
6,tall glasses,,Dishes,Keep,Hallway,,0.6,"Carton, M chinaware (5)",,,,,,
8,tall Ball jars,,Dishes,Keep,Hallway,,1,"Carton, M chinaware (5)",,,,,,
6,short Ball jars,,Dishes,Keep,Hallway,,0.6,"Carton, M chinaware (5)",,,,,,
4,ramekins,,Dishes,Keep,Hallway,,0.3,"Carton, M chinaware (5)",,,,,,
2,Star Wars egg cups,,Dishes,Keep,Hallway,,0.15,"Carton, M chinaware (5)",,,,,,
2,Ikea egg cups,,Dishes,Keep,Hallway,,0.15,"Carton, M chinaware (5)",,,,,,
22,mugs,,Dishes,Keep,Hallway,,3,"Carton, M chinaware (5)",,,,,,
2,large plates,,Dishes,Keep,Hallway,,0.3,"Carton, M chinaware (5)",,,,,,
,ceramic pie plate,,Dishes,Keep,Hallway,,0.3,"Carton, M chinaware (5)",,,,,,
6,cereal bowls,,Dishes,Keep,Kitchen,,1,"Carton, M chinaware (5)",,,,,,
5,salad plates,,Dishes,Keep,Kitchen,,0.5,"Carton, M chinaware (5)",,,,,,
4,small side bowls,,Dishes,Keep,Kitchen,,0.5,"Carton, M chinaware (5)",,,,,,
3,wine/martini glasses,,Dishes,Keep,Kitchen,,0.5,"Carton, M chinaware (5)",,,,,,
4,pasta plates,,Dishes,Keep,Kitchen,,1,"Carton, M chinaware (5)",,,,,,
,ceramic pitcher,,Dishes,Keep,Kitchen,,0.6,"Carton, M chinaware (5)",,,,,,
,Whaley dog toy,,Dog,Keep,Living Room,Ada,0.01,"Carton, M (5)",,,,,,
,Hippo dog toy,,Dog,Keep,Living Room,Ada,0.01,"Carton, M (5)",,,,,,
,Piggo,Three-Month Kit,Dog,Keep,Living Room,Ada,0,,,,,,,
,pig dog toy ,,Dog,Sort,Living Room,Ada,0,,,,,,,
,Polkadot reindeer dog toy,Packed,Dog,Sort,Living Room,Ada,0,,,,,,,
,dog treat box,,Dog,Keep,Hallway,,0.3,"Carton, M (5)",,,,,,
2,dog dishes,,Dog,Keep,Kitchen,,0.6,"Carton, M (5)",,,,,,
,dog leash,Three-Month Kit,Dog,Keep,Hallway,,0,,,,,,,
,Dog nail clippers,,Dog,Keep,Living Room,,0.01,"Carton, M (5)",,,,,,
,Ass. dog medicines,,Dog,Keep,Living Room,,0.1,"Carton, M (5)",,,,,,
,Dog clippers,,Dog,Keep,Living Room,,0.2,"Carton, M (5)",50,30,,,,
,"Nintendo Switch, plus cradle",,Electronics,Keep,Living Room,,0.5,"Carton, M (5)",,,,,,
,Nintendo Switch Pro Controller,,Electronics,Keep,Living Room,,0.05,"Carton, M (5)",,,,,,
,Ninteno Switch JoyCon Holder,,Electronics,Keep,Living Room,,0,"Carton, M (5)",,,,,,
2,HDMI Splitter,,Electronics,Keep,Living Room,,0.005,"Carton, M (5)",,,,,,
2,2m HDMI Cable,,Electronics,Keep,Living Room,,0.005,"Carton, M (5)",,,,,,
,6inch HDMI Cable,,Electronics,Keep,Living Room,,0.005,"Carton, M (5)",,,,,,
,"1/8"" jack audio cable",,Electronics,Keep,Living Room,,0.001,"Carton, M (5)",,,,,,
,USB to USB Mini cable (white),,Electronics,Keep,Living Room,,0.001,"Carton, M (5)",,,,,,
,HDMI to Display Port adapter,,Electronics,Keep,Living Room,,0.001,"Carton, M (5)",,,,,,
,Bluetooth Speaker,,Electronics,Keep,Living Room,,0.02,"Carton, M (5)",,,,,,
,Euro-to-US adapter with switch,,Electronics,Keep,Living Room,,0.005,"Carton, M (5)",,,,,,
,Black US-to-France grounded adapter,,Electronics,Keep,Living Room,,0.005,"Carton, M (5)",,,,,,
,White Travel adapter set (the crap one),,Electronics,Keep,Living Room,,0.005,"Carton, M (5)",,,,,,
,Box of electronic components,,Electronics,Keep,Living Room,Phil,0.3,"Carton, M (5)",,,,,,
,Roku + remote,,Electronics,Keep,Living Room,,0.3,"Carton, M (5)",,,,,,
2,Adobe navigation box,,Electronics,Keep,Living Room,Phil,0.5,"Carton, M (5)",,,,,,
,Sennheiser headphones,,Electronics,Sell,Office,,0.3,"Carton, M (5)",100,60,,,,
,Toshiba 1TB portable Harddrive,Three-Month Kit,Electronics,Keep,Living Room,,0,,,,,,,
,USB Euro plug,,Electronics,Keep,Living Room,,0.01,"Carton, M (5)",,,,,,
,IKEA AAA batteries (new),,Electronics,Keep,Living Room,,0.05,"Carton, S (2)",,,,,,
,Toshiba AA batteries (new),,Electronics,Keep,Living Room,,0.05,"Carton, S (2)",,,,,,
,Apple world travel adapter kit,Three-Month Kit,Electronics,Keep,Living Room,,0,,,,,,,
,Niagara ,,Games,Keep,Living Room,Phil,0.15,"Carton, M (5)",,,,,,
,Arkham Horror,,Games,Keep,Living Room,Phil,0.15,"Carton, M (5)",,,,,,
,Jaipur,,Games,Keep,Living Room,Phil,0.15,"Carton, M (5)",,,,,,
,Burgle Bros.,,Games,Keep,Living Room,Phil,0.15,"Carton, M (5)",,,,,,
,Exploding Kittens,,Games,Keep,Living Room,Phil,0.15,"Carton, M (5)",,,,,,
,Vietnamese bingo,,Games,Keep,Living Room,Phil,0.15,"Carton, M (5)",,,,,,
,Phantasma Blitz,,Games,Keep,Living Room,Phil,0.15,"Carton, M (5)",,,,,,
,Fugitive,,Games,Keep,Living Room,Phil,0.15,"Carton, M (5)",,,,,,
,Arboretum,,Games,Keep,Living Room,Phil,0.15,"Carton, M (5)",,,,,,
,Pocket Mr. Jack,,Games,Keep,Living Room,Phil,0.15,"Carton, M (5)",,,,,,
,Railroad Ink,,Games,Keep,Living Room,Phil,0.15,"Carton, M (5)",,,,,,
,Word Domination,,Games,Keep,Living Room,Phil,0.15,"Carton, M (5)",,,,,,
,Paperback,,Games,Keep,Living Room,Phil,0.15,"Carton, M (5)",,,,,,
,Sparkfun Electronic Escape Room,,Games,Keep,Living Room,Phil,0.15,"Carton, M (5)",,,,,,
,Chrononauts,,Games,Keep,Living Room,Phil,0.15,"Carton, M (5)",,,,,,
,Chrononauts Early American expansion,,Games,Keep,Living Room,Phil,0.15,"Carton, M (5)",,,,,,
6,Arkham Horror Expansions,,Games,Keep,Living Room,Phil,0.15,"Carton, M (5)",,,,,,
4,Bargain Quest card expansions,,Games,Keep,Living Room,Phil,0.15,"Carton, M (5)",,,,,,
,Boss Monster,,Games,Keep,Living Room,Phil,0.15,"Carton, M (5)",,,,,,
,Ganz Schön Clever,,Games,Keep,Living Room,Phil,0.15,"Carton, M (5)",,,,,,
,Sushi Go,,Games,Keep,Living Room,Phil,0.15,"Carton, M (5)",,,,,,
,Letter Cube puzzle,,Games,Keep,Living Room,Phil,0.15,"Carton, M (5)",,,,,,
,Netrunner,,Games,Keep,Living Room,Phil,0.15,"Carton, M (5)",,,,,,
,Cottage Garden,,Games,Keep,Living Room,Phil,0.15,"Carton, M (5)",,,,,,
,Last Will,,Games,Keep,Living Room,Phil,0.15,"Carton, M (5)",,,,,,
,Dream Home,,Games,Keep,Living Room,Phil,0.15,"Carton, M (5)",,,,,,
,Above and Below,,Games,Keep,Living Room,Phil,0.15,"Carton, M (5)",,,,,,
,Colt Express,,Games,Keep,Living Room,Phil,0.15,"Carton, M (5)",,,,,,
,Captain Sonar,,Games,Keep,Living Room,Phil,0.15,"Carton, M (5)",,,,,,
,Imperial Settlers,,Games,Keep,Living Room,Phil,0.15,"Carton, M (5)",,,,,,
,Robinson Crusoe,,Games,Keep,Living Room,Phil,0.15,"Carton, M (5)",,,,,,
,Roll for the Galaxy,,Games,Keep,Living Room,Phil,0.15,"Carton, M (5)",,,,,,
,Five Tribes,,Games,Keep,Living Room,Phil,0.15,"Carton, M (5)",,,,,,
,Fields of Green,,Games,Keep,Living Room,Phil,0.15,"Carton, M (5)",,,,,,
,Vinhos,,Games,Keep,Living Room,Phil,0.15,"Carton, M (5)",,,,,,
,Flamme Rouge,,Games,Keep,Living Room,Phil,0.15,"Carton, M (5)",,,,,,
,Bargain Quest,,Games,Keep,Living Room,Phil,0.15,"Carton, M (5)",,,,,,
,Bargain Quest Black Market Expansion,,Games,Keep,Living Room,Phil,0.15,"Carton, M (5)",,,,,,
,The Writer's Game,,Games,Keep,Living Room,Phil,0.15,"Carton, M (5)",,,,,,
,The Dunwich Legacy,,Games,Keep,Living Room,Phil,0.15,"Carton, M (5)",,,,,,
,"CV, the game",,Games,Keep,Living Room,Phil,0.15,"Carton, M (5)",,,,,,
,Lotus,,Games,Keep,Living Room,Phil,0.15,"Carton, M (5)",,,,,,
,All Creatures Big and Small,,Games,Keep,Living Room,Phil,0.15,"Carton, M (5)",,,,,,
,Getaway Driver,,Games,Keep,Living Room,Phil,0.15,"Carton, M (5)",,,,,,
,Santorini,,Games,Keep,Living Room,Phil,0.15,"Carton, M (5)",,,,,,
,Welcome To...,,Games,Keep,Living Room,Phil,0.15,"Carton, M (5)",,,,,,
,Concordia,,Games,Keep,Living Room,Phil,0.15,"Carton, M (5)",,,,,,
,"Pandemic Legacy, Season 1",,Games,Keep,Living Room,Phil,0.15,"Carton, M (5)",,,,,,
,"Sherlock Holmes, Consulting Detective",,Games,Keep,Living Room,Phil,0.15,"Carton, M (5)",,,,,,
,Fold-it,,Games,Keep,Living Room,Phil,0.15,"Carton, M (5)",,,,,,
,The Seventh Continent,,Games,Keep,Living Room,Phil,0.15,"Carton, M (5)",,,,,,
,"Sherlock Holmes, Jack the Ripper etc.",,Games,Keep,Living Room,Phil,0.15,"Carton, M (5)",,,,,,
,Terraforming Mars,,Games,Keep,Living Room,Phil,0.15,"Carton, M (5)",,,,,,
,Legend of Zelda Breath of the Wild (box),,Games,Keep,Living Room,,0.15,"Carton, M (5)",,,,,,
,Chronicles of Chrime,,Games,Keep,Living Room,,0.15,"Carton, M (5)",,,,,,
,DnD Player's Handbook,,Book,Keep,Living Room,Phil,0.1,"Carton, S books (2)",,,,,,
,DnD DM Guide,,Book,Keep,Living Room,Phil,0.1,"Carton, S books (2)",,,,,,
,DnD Monster Manual,,Book,Keep,Living Room,Phil,0.1,"Carton, S books (2)",,,,,,
,DnD Curse of Strahd,,Book,Keep,Living Room,Phil,0.1,"Carton, S books (2)",,,,,,
,Texas Exes Leather Portfolio (with current Sherlock case),Three-Month Kit,Games,Keep,Living Room,Phil,0.1,"Carton, S books (2)",,,,,,
,HA Environment Sensor (low resolution),,Hobby,Keep,Living Room,Phil,0.005,"Carton, M (5)",,,,,,
,HA Environment Sensor (high resolution),,Hobby,Keep,Living Room,Phil,0.005,"Carton, M (5)",,,,,,
,Old tape recorder,,Hobby,Keep,Living Room,Phil,0.3,"Carton, M (5)",,,,,,
,3D Printer,,Hobby,Keep,Living Room,Phil,1,"Carton, M (5)",,,,,,
,Electronics component cabinet/drawers,,Hobby,Keep,Living Room,Phil,1,"Carton, L (8)",,,,,,
,Plastic box of tiny screws,,Hobby,Keep,Living Room,Phil,0.05,"Carton, M (5)",,,,,,
,Baggie of wire harnesses,,Hobby,Keep,Living Room,Phil,0.05,"Carton, M (5)",,,,,,
,Baggie of power outlets ,,Hobby,Keep,Living Room,Phil,0.05,"Carton, M (5)",,,,,,
,Box of ass. heat shrink tubing,,Hobby,Keep,Living Room,Phil,0.05,"Carton, M (5)",,,,,,
,Box of AZ FTDI programmers,,Hobby,Keep,Living Room,Phil,0.05,"Carton, M (5)",,,,,,
,Bag of DC-DC converters,,Hobby,Keep,Living Room,Phil,0.05,"Carton, M (5)",,,,,,
,Box of sunrise alarm parts,,Hobby,Keep,Living Room,Phil,0.05,"Carton, M (5)",,,,,,
,Box of 3D printer stuff,,Hobby,Keep,Living Room,Phil,1,"Carton, M (5)",,,,,,
,Google Cardboard,,Hobby,Keep,Living Room,Phil,0.2,"Carton, M (5)",,,,,,
,travel journal,Three-Month Kit,Hobby,Keep,Office,,0,,,,,,,
,3D Printer filament,,Hobby,Keep,Living Room,,1,"Carton, S (2)",,,,,,
,Knitting bag,Three-Month Kit,Hobby,Keep,Living Room,Robin,0,,,,,,,
,Robin's clipboard,Three-Month Kit,Hobby,Keep,Office,,0,,,,,,,
,Battery powered soldering iron,,Hobby,Keep,Living Room,Phil,0.125,"Carton, M (5)",,,,,,
,Digital calipers,,Hobby,Keep,Living Room,Phil,0.125,"Carton, M (5)",,,,,,
,Box of soldering accoutrements,,Hobby,Keep,Living Room,Phil,0.125,"Carton, M (5)",,,,,,
,Sheet of perspex,,Hobby,Keep,Living Room,Phil,0.125,"Carton, M (5)",,,,,,
,Cutting mat,,Hobby,Keep,Living Room,Robin,0.125,"Carton, L (8)",,,,,,
2,Long blue clamp,,Hobby,Keep,Living Room,,0.3,"Carton, L (8)",,,,,,
,Sewing Kit,,Hobby,Keep,Living Room,Robin,0.125,"Carton, M (5)",,,,,,
,Box of ass. thread,,Hobby,Keep,Living Room,Robin,0.125,"Carton, M (5)",,,,,,
,Multimeter,,Hobby,Keep,Living Room,Phil,0.125,"Carton, M (5)",,,,,,
,X-acto knife set,,Hobby,Keep,Living Room,Robin,0.125,"Carton, M (5)",,,,,,
,Yellow metal level,,Hobby,Keep,Living Room,,0.2,"Carton, L (8)",,,,,,
,Metal 50cm ruler,,Hobby,Keep,Living Room,,0.2,"Carton, L (8)",,,,,,
,Set of jeweler's screwdrivers,,Hobby,Keep,Living Room,,0.2,"Carton, S (2)",,,,,,
,Box of ass. fasteners,,Hobby,Keep,Living Room,,0.3,"Carton, S (2)",,,,,,
,Shoebox of Ikea parts,,Hobby,Keep,Living Room,,0.3,"Carton, S (2)",,,,,,
,Ikea tool set,,Hobby,Keep,Living Room,,0.2,"Carton, S (2)",,,,,,
,Shoebox of ass. tools,,Hobby,Keep,Living Room,,0.4,"Carton, S (2)",,,,,,
,Tape measure,,Hobby,Keep,Living Room,,0.125,"Carton, S (2)",,,,,,
,Corded soldering iron,,Hobby,Keep,Living Room,Phil,0.2,"Carton, S (2)",,,,,,
,April's blanket,,Linens,Keep,Living Room,,0.5,"Carton, L (8)",,,,,,
,UT blanket,,Linens,Keep,Living Room,,0.25,"Carton, L (8)",,,,,,
,Stripey knit blanket,,Linens,Keep,Living Room,,0.25,"Carton, L (8)",,,,,,
2,"memory foam pillows, Swiss",,Linens,Keep,Bedroom,,0.5,"Carton, L (8)",,,,,,
2,"memory foam pillows, German",,Linens,Keep,Bedroom,,0.5,"Carton, L (8)",,,,,,
,Twin size starred flannel bed sheet,,Linens,Keep,Living Room,,0.2,"Carton, M cusions/towels (5)",,,,,,
4,Blue starred flannel pillow case,,Linens,Keep,Living Room,,0.2,"Carton, M cusions/towels (5)",,,,,,
,Green plaid duvet cover set (Swiss),,Linens,Keep,Living Room,,0.2,"Carton, M cusions/towels (5)",,,,,,
,Blue plaid duvet cover set (Swiss),,Linens,Keep,Living Room,,0.2,"Carton, M cusions/towels (5)",,,,,,
2,Grey pillowcases,,Linens,Keep,Living Room,,0.2,"Carton, M cusions/towels (5)",,,,,,
2,large bath towels,,Linens,Keep,Hallway,,0.5,"Carton, M cusions/towels (5)",,,,,,
4,medium bath towels,,Linens,Keep,Hallway,,0.5,"Carton, M cusions/towels (5)",,,,,,
4,hand towels,,Linens,Keep,Hallway,,0.5,"Carton, M cusions/towels (5)",,,,,,
,bath mat,,Linens,Keep,Bathroom,,0.25,"Carton, M cusions/towels (5)",,,,,,
2,aprons,,Linens,Keep,Hallway,,0.25,"Carton, M cusions/towels (5)",,,,,,
3,hotpads,,Linens,Keep,Kitchen,,0.25,"Carton, M cusions/towels (5)",,,,,,
8,dish towels,,Linens,Keep,Kitchen,,0.25,"Carton, M cusions/towels (5)",,,,,,
,Wheat throw pillow,,Linens,Keep,Living Room,,,"Carton, L (8)",,,,,,
,Striped throw pillow cover,,Linens,Keep,Living Room,,0.125,"Carton, M cusions/towels (5)",,,,,,
,Abstract leaves throw pillow cover,,Linens,Keep,Living Room,,0.125,"Carton, M cusions/towels (5)",,,,,,
,Grey floral throw pillow cover,,Linens,Keep,Living Room,,0.125,"Carton, M cusions/towels (5)",,,,,,
,Waiter's apron,Three-Month Kit,Linens,Keep,Living Room,,0.125,,,,,,,
,files/papers,,Office,Keep,Office,,0.2,"Carton, S books (2)",,,,,,
4,drawers of office supplies,,Office,Keep,Office,,1,"Carton, S (2)",,,,,,
,Texas Exes Leather Portfolio (empty),,Office,Keep,Living Room,Phil,0.2,"Carton, S books (2)",,,,,,
2,Shinteki Pads,,Office,Keep,Living Room,,0.2,"Carton, S books (2)",,,,,,
2,Magazine holder,,Office,Keep,Living Room,,0.3,"Carton, M (5)",,,,,,
,Box of lanyards,,Office,Keep,Living Room,,0.15,"Carton, M (5)",,,,,,
,2-hole punch,,Office,Keep,Living Room,,0.15,"Carton, M (5)",,,,,,
,DVD of MP3s,,Office,Keep,Living Room,Robin,0.15,"Carton, S (2)",,,,,,
3,Collapsible Binder (empty),,Office,Keep,Living Room,,0.5,"Carton, S books (2)",,,,,,
,A4-sized spiral notebook,,Office,Keep,Living Room,,0.2,"Carton, S books (2)",,,,,,
,"Car Binder (yellow, collapsible)",,Office,Keep,Living Room,,0.125,"Carton, S books (2)",,,,,,
,"Parent's power of attorney/will Binder (yellow, collapsible)",,Office,Keep,Living Room,,0.125,"Carton, S books (2)",,,,,,
,"Datacite Binder (turquoise, collapsible)",,Office,Keep,Living Room,,0.125,"Carton, S books (2)",,,,,,
,"Deutsche Bank/Taxes Binder (blue, collapsible)",,Office,Keep,Living Room,,0.125,"Carton, S books (2)",,,,,,
,"Vet Binder (green, collapsible)",,Office,Keep,Living Room,,0.125,"Carton, S books (2)",,,,,,
,"Residence Binder (pink, collapsible)",,Office,Keep,Living Room,,0.125,"Carton, S books (2)",,,,,,
,"France Binder (blue, collapsible)",,Office,Keep,Living Room,,0.125,"Carton, S books (2)",,,,,,
,Bills Binder (grey),,Office,Keep,Living Room,,0.125,"Carton, S books (2)",,,,,,
,"Product Info Booklet Binder (large, turquoise)",,Office,Keep,Living Room,,0.3,"Carton, S books (2)",,,,,,
,"Empty binder (short, navy)",,Office,Keep,Living Room,,0.2,"Carton, S books (2)",,,,,,
2,Comb bound course materials,,Office,Keep,Living Room,,0.125,"Carton, S books (2)",,,,,,
6,Large Notepads,,Office,Keep,Living Room,,0.15,"Carton, S books (2)",,,,,,
,A4-sized envelopes,,Office,Keep,Living Room,,0.15,"Carton, S books (2)",,,,,,
,Datacite notebook,,Office,Keep,Living Room,,0.1,"Carton, S books (2)",,,,,,
,Recipe binder (grape vines),,Office,Keep,Living Room,,0.2,"Carton, S books (2)",,,,,,
,Grey puzzle clipboard,Three-Month Kit,Office,Keep,Living Room,Phil,0,,,,,,,
,German christmas cards/envelopes,,Office,Keep,Living Room,,0,,,,,,,
,Plastic sleeve of photos,Three-Month Kit,Office,Keep,Living Room,,0,,,,,,,
,Notorized house legal documents,Three-Month Kit,Office,Keep,Living Room,,0.2,"Carton, S books (2)",,,,,,
,Label maker,,Office,Keep,Living Room,,0.15,"Carton, M (5)",,,,,,
,Box of 3D glasses,,Office,Keep,Living Room,,0.15,"Carton, M (5)",,,,,,
2,Miskatonic travel mugs,,Plasticware,Keep,Kitchen,,0.3,"Carton, S plasticware (2)",,,,,,
,Shinteki water bottle,,Plasticware,Keep,Kitchen,,0.3,"Carton, S plasticware (2)",,,,,,
,reusable Hamburg coffee cup,,Plasticware,Keep,Kitchen,,0.3,"Carton, S plasticware (2)",,,,,,
2,water bottles,,Plasticware,Keep,Kitchen,,0.3,"Carton, S plasticware (2)",,,,,,
,plastic Sea World mug,,Plasticware,Keep,Kitchen,,0.3,"Carton, S plasticware (2)",,,,,,
,Locking Puzzle Gear Box,,Souvenir,Keep,Living Room,,0.2,"Carton, M (5)",,,,,,
,Jenga Puzzle,,Souvenir,Keep,Living Room,,0.2,"Carton, M (5)",,,,,,
,Rock-on 2019 Lapel Pin,,Souvenir,Keep,Living Room,,0.005,"Carton, M (5)",,,,,,
,Pizza Peel Puzzle w/ wooden tops,,Souvenir,Keep,Living Room,,0.2,"Carton, M (5)",,,,,,
,Penny Park squashed penny,,Souvenir,Keep,Living Room,,0.05,"Carton, M (5)",,,,,,
,Giant Penny from Penny Park (in treasure chest),,Souvenir,Keep,Living Room,,0.1,"Carton, M (5)",,,,,,
,Chinese Takeout puzzle,,Souvenir,Keep,Living Room,,0.1,"Carton, M (5)",,,,,,
,Prism ball,,Souvenir,Keep,Living Room,,0.005,"Carton, M (5)",,,,,,
,Magnifying glass,,Souvenir,Keep,Living Room,Phil,0.1,"Carton, M (5)",,,,,,
,MITMH Pippette puzzle,,Souvenir,Keep,Living Room,Phil,0.1,"Carton, M (5)",,,,,,
,Sparkfun box of puzzle souvenirs,,Souvenir,Keep,Living Room,Phil,0.2,"Carton, M (5)",,,,,,
,Personalized Puzzle (MITMH),,Souvenir,Keep,Living Room,Phil,0.2,"Carton, M (5)",,,,,,
,Fold-out Italian buildings,,Souvenir,Keep,Living Room,,0.05,"Carton, M (5)",,,,,,
,Miskatonic University Cthulu puzzle box,,Souvenir,Keep,Living Room,,0.2,"Carton, M (5)",,,,,,
,Schwerin poster,,Souvenir,Keep,Living Room,,0.1,"Carton, M (5)",,,,,,
,Hamburg immigration poster,,Souvenir,Keep,Living Room,,0.1,"Carton, M (5)",,,,,,
2,Kings Quest figurine,,Souvenir,Keep,Living Room,Phil,0.2,"Carton, M (5)",,,,,,
,CERN data tape,,Souvenir,Keep,Living Room,Robin,0.1,"Carton, M (5)",,,,,,
,San Giminiano poster,,Souvenir,Keep,Living Room,,0.1,"Carton, M (5)",,,,,,
,Cable car,,Souvenir,Keep,Living Room,,0.1,"Carton, M (5)",,,,,,
,Blue Hamburger cookie tin,,Souvenir,Keep,Living Room,,0.25,"Carton, M (5)",,,,,,
,MITMH space bopper,,Souvenir,Keep,Living Room,Phil,0.1,"Carton, M (5)",,,,,,
,Music box puzzle,,Souvenir,Keep,Living Room,,0.25,"Carton, M (5)",,,,,,
,robot pencil sharpener,,Souvenir,Keep,Office,,0.1,"Carton, M (5)",,,,,,
,Metal control box from CERN,,Souvenir,Keep,Living Room,,1,"Carton, S (2)",,,,,,
,The christmas box (blue cookie tin),,Souvenir,Keep,Living Room,,1,"Carton, S (2)",,,,,,
,Penny Park brochure,,Souvenir,Keep,Living Room,Phil,0.005,"Carton, S books (2)",,,,,,
,Sealed Mystery Hunt envelope,,Souvenir,Keep,Living Room,Phil,0.005,"Carton, S books (2)",,,,,,
,Pile of paper puzzles,,Souvenir,Keep,Living Room,Phil,0.005,"Carton, S books (2)",,,,,,
,Envelope of cards to save,,Souvenir,Keep,Living Room,,0.1,"Carton, S books (2)",,,,,,
,Bantha sampler,,Souvenir,Keep,Living Room,Phil,0.3,"Carton, S (2)",,,,,,
,LHC Dipole power bank,,Souvenir,Keep,Living Room,,0,,,,,,,
,Popup paper Geneva skyline,,Souvenir,Keep,Living Room,,0.1,"Carton, M (5)",,,,,,
,sack of foreign currencies,,Souvenir,Keep,Living Room,,0.1,"Carton, M (5)",,,,,,
2,Sleeping bags,,Sports,Keep,,,1,"Carton, L (8)",,,,,,
2,Sleeping pads,,Sports,Keep,Hallway,,1,"Carton, L (8)",,,,,,
,Hiking Backpack (women's),,Sports,Keep,Bedroom,Robin,0.5,"Carton, L (8)",,,,,,
,Hiking Backpack (men's),,Sports,Keep,Bedroom,Phil,0.5,"Carton, L (8)",,,,,,
,Camelbak (pink),,Sports,Keep,Bedroom,Robin,0.5,"Carton, L (8)",,,,,,
,Camelbak (grey/yellow),,Sports,Keep,Bedroom,Phil,0.5,"Carton, L (8)",,,,,,
2,yoga mats,,Sports,Keep,Office,,1,"Carton, L (8)",,,,,,
2,hiking pole sets,,Sports,Keep,Bedroom,,0.3,"Carton, L (8)",,,,,,
,camping stove,,Sports,Keep,Bedroom,,0.3,"Carton, M (5)",,,,,,
,first aid kit,,Sports,Keep,Bedroom,,0.3,"Carton, M (5)",,,,,,
,box of assorted camping stuff,,Sports,Keep,Bedroom,,0.5,"Carton, M (5)",,,,,,
,Tent,,Sports,Keep,,,1,"Carton, L (8)",,,,,,
,camping cook set,,Sports,Keep,Bedroom,,0.3,"Carton, M cusions/towels (5)",,,,,,
,Old headlamp (black),,Sports,Keep,Living Room,Phil,0.05,"Carton, M (5)",,,,,,
,assorted knee braces,,Sports,Keep,Hallway,,0.2,"Carton, M (5)",,,,,,
,New headlamp,Three-Month Kit,Sports,Keep,Living Room,Phil,0,,,,,,,
2,Plastic zipper storage bag,,Tool/Utility,Keep,Living Room,,0.005,"Carton, L (8)",,,,,,
,collapsible Rewe bin,,Tool/Utility,Keep,Office,,0.3,"Carton, L (8)",,,,,,
,shoe mat,,Tool/Utility,Keep,Hallway,,0.2,"Carton, L (8)",,,,,,
2,small plastic bin,,Tool/Utility,Keep,Hallway,,0.3,"Carton, M (5)",,,,,,
2,boot wax tubs,,Tool/Utility,Keep,Hallway,,0.15,"Carton, M (5)",,,,,,
,duffel bag,,Tool/Utility,Keep,Hallway,,1,"Carton, M (5)",,,,,,
,dust pan,,Tool/Utility,Keep,Hallway,,0.15,"Carton, M (5)",,,,,,
,bio basket and sacks,,Tool/Utility,Keep,Kitchen,,0.6,"Carton, M (5)",,,,,,
3,collapsable fabric bins,,Tool/Utility,Keep,Bathroom,,0.2,"Carton, M (5)",,,,,,
,wifi scale,,Tool/Utility,Keep,Bedroom,,0.3,"Carton, M (5)",,,,,,
,shaving set,,Tool/Utility,Keep,Bathroom,,0.25,"Carton, S (2)",,,,,,
,Blood pressure monitor,Three-Month Kit,Tool/Utility,Keep,Living Room,,0,,,,,,,
3,Ikea sack,,Tool/Utility,Keep,Living Room,,0.005,"Carton, M (5)",,,,,,
,wooden brush,,Utensils,Keep,Hallway,,0.125,"Carton, S utensils (2)",,,,,,
,assorted tea accoutrement,,Utensils,Keep,Kitchen,,0.125,"Carton, S utensils (2)",,,,,,
,assorted cooking utensils,,Utensils,Keep,Kitchen,,0.125,"Carton, S utensils (2)",,,,,,
,silverware,,Utensils,Keep,Kitchen,,0.125,"Carton, S utensils (2)",,,,,,
,microplane,,Utensils,Keep,Kitchen,,0.125,"Carton, S utensils (2)",,,,,,
,oyster knife,,Utensils,Keep,Kitchen,,0.125,"Carton, S utensils (2)",,,,,,
,Swiss cheese knife,,Utensils,Keep,Kitchen,,0.125,"Carton, S utensils (2)",,,,,,
,Box of electronic components,,Hobby,Make,Living Room,Phil,,"Carton, M (5)",,,,,,
,"Fan, Brandson",,Appliance,Sell,,,0,,45,25,,,,
,"Washing machine, Siemens",,Appliance,Sell,Kitchen,,0,,,,,,,
,Fridge,,Appliance,Sell,Kitchen,,0,,,,,,,
,Freezer,,Appliance,Sell,Kitchen,,0,,,,,,,
,"Vacuum, Miele C3 Powerline Cat and Dog with bags",,Appliance,Sell,Hallway,,0,,240,145,,,,
,"Laser printer, Brother MFC-L2700DW",,Appliance,Sell,Office,,0,,170,100,,,,
,"Paper shredder, Amazon Basics",,Appliance,Sell,Office,,0,,42,25,,,,
,iron,,Appliance,Sell,Hallway,,0,,,,,,,
,"Tea kettle, Russell Hobbs blue 1L",,Appliance,Sell,Kitchen,,0,,28,15,,,,
,"Toaster, Russell Hobbs blue",,Appliance,Sell,Kitchen,,0,,40,25,,,,
,spice grinder,,Appliance,Sell,Kitchen,,0,,25,15,,,,
,"immersion blender set, Kenwood",,Appliance,Sell,Kitchen,,0,,61,35,,,,
,Thrawn,,Book,Give Away,Living Room,Phil,,"Carton, S books (2)",,,,,,
,Crinkly pizza dog toy,,Dog,Give Away,Living Room,Ada,0.01,"Carton, M (5)",,,,,,
,Cheetah dog toy,,Dog,Give Away,Living Room,Ada,0,,,,,,,
2,Tennis ball,,Dog,Give Away,Living Room,Ada,0,,,,,,,
,Ball and rope chew toy,,Dog,Give Away,Living Room,Ada,0,,,,,,,
,Dogtoy giant donut,,Dog,Give Away,Living Room,Ada,0,,,,,,,
,Tom Tom GPS,,Electronics,Sell,Living Room,,0,,,,,,,
,Black six-hole german powerstrip,,Electronics,Sell,Living Room,,0,,,,,,,
3,White 5-hole French powerstrip,,Electronics,Sell,Living Room,,0,,,,,,,
,"Rug, cream/beige (Ikea Fakse)",,Furniture,Sell,Bedroom,,1,"Rug, L (12)",159,95,,,,
,"Rug, large grey (Ikea Morum)",,Furniture,Sell,Office,,1,"Rug, L (12)",80,50,,,,
,"Rug, blue (Ikea Stillebäk)",,Furniture,Sell,Living Room,,1,"Rug, L (12)",29.99,20,,,,
3,"Bookshelf, wide with topper (Ikea Billy)",,Furniture,Sell,Living Room,,3,"Bookcase, L (25)",80,50,135,,,
,"Bookshelf, narrow with topper (Ikea Billy)",,Furniture,Sell,Living Room,,1,"Bookcase, M (15)",65,40,,,,
,"Bookshelf, narrow (Ikea Billy)",,Furniture,Sell,Living Room,,1,"Bookcase, M (15)",45,25,,,,
2,Office chair (Ikea Markus),,Furniture,Sell,Office,,2,"Chair, office/study (15)",139,85,155,,,
4,Dining chair (Ikea Henriksdal),,Furniture,Sell,Living Room,,4,"Chair, straight (10)",65,40,145,,,
,Drying Rack,,Furniture,Sell,Living Room,,1,Clothes Rack (10),,,,,,
2,Desk (Ikea Arkelstorp),,Furniture,Sell,Office,,2,Desk (25),179,105,190,,,
,Step Ladder,,Furniture,Sell,Hallway,,1,"Ladder, Step (8)",,,,,,
,Plastic rolling drawers,,Furniture,Sell,Kitchen,,1,"Plastic bins, L (5)",,,,,,
,"Utility shelf, large (Ikea Ivar)",,Furniture,Sell,Hallway,,1,"Shelf, L (20)",196,120,,,,
2,Monitor Stand,,Furniture,Sell,Office,,2,"Shelf, L wall mounted (4)",,,,,,
,"Utility shelf, small",,Furniture,Sell,Kitchen,,1,"Shelf, S (10)",38,25,,,,
,"Sofa, sectional (Ikea Vallentuna)",,Furniture,Sell,Living Room,,1,,805,485,,,,
,Dining table (Ikea Lisabo),,Furniture,Sell,Living Room,,1,"Table, Dining (30)",149,90,,,,
,Coffee table (Ikea Lisabo),,Furniture,Sell,Living Room,,1,"Table, Large Coffe (20)",99,60,,,,
2,Nightstand (Ikea Hemnes),,Furniture,Sell,Bedroom,,2,"Table, Night (6)",78,45,80,,,
,"Wardrobe, 3 door with lighting (Ikea Pax)",,Furniture,Sell,Bedroom,,1,"Wardrobe, 3 door (40)",819,490,,,,
,"Bed frame, 160 cm wide (Ikea Hemnes)",,Furniture,Sell,Bedroom,,0,,337,200,,,,
,"Mattress, memory foam (Ikea Myrbacka)",,Furniture,Sell,Bedroom,,0,,399,240,,,,
,Full-length mirror,,Furniture,Sell,Bedroom,,0,,,,,,,
,3-part trashcan,,Furniture,Sell,Kitchen,,0,,,,,,,
,Metal Oscar trashcan,,Furniture,Sell,Kitchen,,0,,,,,,,
6,Smart Outlets,,Hobby,Sell,Living Room,,0,,50,30,160,,,
,"Lamp, globe (Ikea Fado)",,Lighting,Sell,Living Room,,0,,8,5,,,,
2,"Lamp, green perforated shade (Ikea Nymö/Skaftet)",,Lighting,Sell,Bedroom,,0,,30,20,35,,,
4,"Lamp, grey adjustable (Ikea Tertial)",,Lighting,Sell,Office,,0,,10,5,20,,,
,"Lamp, hanging basket shade (Ikea Böja)",,Lighting,Sell,Living Room,,0,,70,40,,,,
,"Lamp, hanging globe (Ikea Höljes)",,Lighting,Sell,Bedroom,,,,25,15,,,,
2,"pillows, Swiss",,Linens,Keep,Bedroom,,,"Carton, L (8)",,,,,,
2,mattress pads,,Linens,Give Away,Bedroom,,,"Carton, L (8)",,,,,,
,Grey fitted sheet,,Linens,Give Away,Living Room,,,"Carton, M cusions/towels (5)",,,,,,
2,Grey/blue pillow case (German),,Linens,Sort,Living Room,,,"Carton, M cusions/towels (5)",,,,,,
,Blue floral duvet cover set (German),,Linens,Keep,Living Room,,0,,,,,,,
,Thick duvet,,Linens,Keep,Living Room,,0,,,,,,,
2,large German pillows,,Linens,Keep,Bedroom,,0,,,,,,,
3,Couch pillows,,Linens,Sort,Living Room,,1,"Carton, L (8)",,,,,,
,Dishrack,,Tool/Utility,Sell,Kitchen,,0,,,,,,,
,DB-Power car jumper,,Tool/Utility,Sell,Living Room,,0,,72,45,,,,
,Vacuum bags,,Tool/Utility,Give Away,Living Room,,0,,,,,,,
,Jig saw,,Tool/Utility,Sell,Living Room,,0,,,,,,,
,Drill,,Tool/Utility,Sell,Living Room,,0,,,,,,,
,Learn German with Stories,,Book,Sort,Living Room,Robin,,"Carton, S books (2)",,,,,,
,Das A und O,,Book,Sort,Living Room,,,"Carton, S books (2)",,,,,,
2,Schritte International 1,,Book,Sort,Living Room,,,"Carton, S books (2)",,,,,,
2,Schritte International 2,,Book,Sort,Living Room,,,"Carton, S books (2)",,,,,,
,La Nouvelle Édito,,Book,Sort,Living Room,,,"Carton, S books (2)",,,,,,
3,Decollage Français A2,,Book,Sort,Living Room,,,"Carton, S books (2)",,,,,,
,Supercomm Français A1 Corrigés,,Book,Sort,Living Room,,,"Carton, S books (2)",,,,,,
2,Supercomm Français A1,,Book,Sort,Living Room,,,"Carton, S books (2)",,,,,,
,The Alloy of Law,,Book,Sort,Living Room,,,"Carton, S books (2)",,,,,,
2,compuer speakers set,,Computer,Sort,Office,,,,,,,,,
,Grey wireless mouse,,Computer,Sort,Living Room,,,"Carton, M (5)",,,,,,
,Toshiba laptop,,Computer,Sort,Living Room,,,,,,,,,
,case fan,,Computer,Sort,Living Room,,,"Carton, M (5)",,,,,,
,sack of case fan filters,,Computer,Sort,Living Room,,,"Carton, M (5)",,,,,,
,Lego silicon mold,,Cookery,Sort,Hallway,,0,,,,,,,
,Christmas Lights,,Decor,Sort,Living Room,,0,,,,,,,
,Dog box,,Dog,Sort,Living Room,Robin,,"Carton, S (2)",,,,,,
,Shoebox of cables,,Electronics,Sort,Living Room,,,"Carton, M (5)",,,,,,
,Shoebox of computer parts,,Electronics,Sort,Living Room,,,"Carton, M (5)",,,,,,
,Power inverter and walkie talkies,,Electronics,Sort,Living Room,,,,,,,,,
,TP-link internet-through-power plugs (French),,Electronics,Sell,Living Room,,0,,63,40,,,,
,Broken mini-usb power plug,,Electronics,Sort,Living Room,,0,,,,,,,
,Vodafone TV box,,Electronics,Sort,Office,,0,,,,,,,
2,10 hole black German power strip,,Electronics,Sort,Office,,0,,10,5,10,,,
,Box o' controllers,,Electronics,Sort,Living Room,Phil,,"Carton, M (5)",,,,,,
,tin of used batteries,,Electronics,Sort,Living Room,,0,,,,,,,
,Box of misc. game tokens,,Games,Sort,Living Room,Phil,,,,,,,,
,Raspberry Pi Box,,Hobby,Sort,Living Room,Phil,,"Carton, M (5)",,,,,,
,Benchtop Power Supply,,Hobby,Sort,Bedroom,,,,,,,,,
,Pink Shiny Puzzle Book,,Hobby,Sort,Living Room,Robin,,,,,,,,
,Yellow Logic Puzzle Book,,Hobby,Sort,Living Room,Robin,,,,,,,,
,LED Strip (found in trash),,Hobby,Sort,Living Room,Phil,,"Carton, M (5)",,,,,,
,Small Black Binder from a training,,Office,Sort,Living Room,Robin,,"Carton, S books (2)",,,,,,
,Lined Post-it pad,,Office,Sort,Living Room,,,"Carton, S books (2)",,,,,,
,Office supply pile,,Office,Sort,Living Room,Robin,,"Carton, S books (2)",,,,,,
,Misc. Paper puzzles in Ecole Polytechnic folio,,Souvenir,Sort,Living Room,Phil,,"Carton, M (5)",,,,,,
,Art and postcards to frame,,Souvenir,Sort,Living Room,,,"Carton, S books (2)",,,,,,
2,Miskatonic monster string packs,,Souvenir,Sort,Office,Phil,,,,,,,,
,Headlamp (light grey),,Sports,Sort,Living Room,Robin,0,,,,,,,
,"hangers, lots",,Tool/Utility,Sort,,,0,,,,,,,